Workbook

Sheet Dashboard
B2: DASHBOARD - GESTÃO DE PROTOCOLOS
B5: TOTAL PROTOCOLOS | F5: FINALIZADAS | J5: % META BATIDA
B6: =COUNTA(Entrada!A:A)-1 + (COUNTA(Jan!A:A)-1)+(COUNTA(Fev!A:A)-1)+(COUNTA(Mar!A:A)-1)+(COUNTA(Abr!A:A)-1)+(COUNTA(Mai!A:A)-1)+(COUNTA(Jun!A:A)-1)+(COUNTA(Jul!A:A)-1)+(COUNTA(Ago!A:A)-1)+(COUNTA(Set!A:A)-1)+(COUNTA(Out!A:A)-1)+(COUNTA(Nov!A:A)-1)+(COUNTA(Dez!A:A)-1) | F6: =(COUNTA(Jan!A:A)-1)+(COUNTA(Fev!A:A)-1)+(COUNTA(Mar!A:A)-1)+(COUNTA(Abr!A:A)-1)+(COUNTA(Mai!A:A)-1)+(COUNTA(Jun!A:A)-1)+(COUNTA(Jul!A:A)-1)+(COUNTA(Ago!A:A)-1)+(COUNTA(Set!A:A)-1)+(COUNTA(Out!A:A)-1)+(COUNTA(Nov!A:A)-1)+(COUNTA(Dez!A:A)-1) | J6: =IFERROR(=(COUNTA(Jan!A:A)-1)+(COUNTA(Fev!A:A)-1)+(COUNTA(Mar!A:A)-1)+(COUNTA(Abr!A:A)-1)+(COUNTA(Mai!A:A)-1)+(COUNTA(Jun!A:A)-1)+(COUNTA(Jul!A:A)-1)+(COUNTA(Ago!A:A)-1)+(COUNTA(Set!A:A)-1)+(COUNTA(Out!A:A)-1)+(COUNTA(Nov!A:A)-1)+(COUNTA(Dez!A:A)-1) / =COUNTA(Entrada!A:A)-1 + (COUNTA(Jan!A:A)-1)+(COUNTA(Fev!A:A)-1)+(COUNTA(Mar!A:A)-1)+(COUNTA(Abr!A:A)-1)+(COUNTA(Mai!A:A)-1)+(COUNTA(Jun!A:A)-1)+(COUNTA(Jul!A:A)-1)+(COUNTA(Ago!A:A)-1)+(COUNTA(Set!A:A)-1)+(COUNTA(Out!A:A)-1)+(COUNTA(Nov!A:A)-1)+(COUNTA(Dez!A:A)-1), 0)
B10: STATUS DA META
B11: =IF(=IFERROR(=(COUNTA(Jan!A:A)-1)+(COUNTA(Fev!A:A)-1)+(COUNTA(Mar!A:A)-1)+(COUNTA(Abr!A:A)-1)+(COUNTA(Mai!A:A)-1)+(COUNTA(Jun!A:A)-1)+(COUNTA(Jul!A:A)-1)+(COUNTA(Ago!A:A)-1)+(COUNTA(Set!A:A)-1)+(COUNTA(Out!A:A)-1)+(COUNTA(Nov!A:A)-1)+(COUNTA(Dez!A:A)-1) / =COUNTA(Entrada!A:A)-1 + (COUNTA(Jan!A:A)-1)+(COUNTA(Fev!A:A)-1)+(COUNTA(Mar!A:A)-1)+(COUNTA(Abr!A:A)-1)+(COUNTA(Mai!A:A)-1)+(COUNTA(Jun!A:A)-1)+(COUNTA(Jul!A:A)-1)+(COUNTA(Ago!A:A)-1)+(COUNTA(Set!A:A)-1)+(COUNTA(Out!A:A)-1)+(COUNTA(Nov!A:A)-1)+(COUNTA(Dez!A:A)-1), 0)=1, "SUPERMETA 🚀", IF(=IFERROR(=(COUNTA(Jan!A:A)-1)+(COUNTA(Fev!A:A)-1)+(COUNTA(Mar!A:A)-1)+(COUNTA(Abr!A:A)-1)+(COUNTA(Mai!A:A)-1)+(COUNTA(Jun!A:A)-1)+(COUNTA(Jul!A:A)-1)+(COUNTA(Ago!A:A)-1)+(COUNTA(Set!A:A)-1)+(COUNTA(Out!A:A)-1)+(COUNTA(Nov!A:A)-1)+(COUNTA(Dez!A:A)-1) / =COUNTA(Entrada!A:A)-1 + (COUNTA(Jan!A:A)-1)+(COUNTA(Fev!A:A)-1)+(COUNTA(Mar!A:A)-1)+(COUNTA(Abr!A:A)-1)+(COUNTA(Mai!A:A)-1)+(COUNTA(Jun!A:A)-1)+(COUNTA(Jul!A:A)-1)+(COUNTA(Ago!A:A)-1)+(COUNTA(Set!A:A)-1)+(COUNTA(Out!A:A)-1)+(COUNTA(Nov!A:A)-1)+(COUNTA(Dez!A:A)-1), 0)>=0.8, "META BATIDA ✅", "META NÃO BATIDA ⚠️"))

Sheet Config
A1: Complexidade | B1: Dias
A2: Baixa | B2: 4
A3: Média | B3: 7
A4: Alta | B4: 10

Sheet Entrada
A1: ID | B1: Cliente | C1: Tipo de Ação | D1: Complexidade | E1: Data Envio Doc | F1: Prazo (Dias) | G1: Prazo Fatal | H1: Status | I1: Data Protocolo | J1: Advogado Responsável
F2: =IFERROR(VLOOKUP(D2, Config!A:B, 2, FALSE), "") | G2: =IF(E2="", "", WORKDAY(E2, F2))
F3: =IFERROR(VLOOKUP(D3, Config!A:B, 2, FALSE), "") | G3: =IF(E3="", "", WORKDAY(E3, F3))
F4: =IFERROR(VLOOKUP(D4, Config!A:B, 2, FALSE), "") | G4: =IF(E4="", "", WORKDAY(E4, F4))
F5: =IFERROR(VLOOKUP(D5, Config!A:B, 2, FALSE), "") | G5: =IF(E5="", "", WORKDAY(E5, F5))
F6: =IFERROR(VLOOKUP(D6, Config!A:B, 2, FALSE), "") | G6: =IF(E6="", "", WORKDAY(E6, F6))
F7: =IFERROR(VLOOKUP(D7, Config!A:B, 2, FALSE), "") | G7: =IF(E7="", "", WORKDAY(E7, F7))
F8: =IFERROR(VLOOKUP(D8, Config!A:B, 2, FALSE), "") | G8: =IF(E8="", "", WORKDAY(E8, F8))
F9: =IFERROR(VLOOKUP(D9, Config!A:B, 2, FALSE), "") | G9: =IF(E9="", "", WORKDAY(E9, F9))
F10: =IFERROR(VLOOKUP(D10, Config!A:B, 2, FALSE), "") | G10: =IF(E10="", "", WORKDAY(E10, F10))
F11: =IFERROR(VLOOKUP(D11, Config!A:B, 2, FALSE), "") | G11: =IF(E11="", "", WORKDAY(E11, F11))
F12: =IFERROR(VLOOKUP(D12, Config!A:B, 2, FALSE), "") | G12: =IF(E12="", "", WORKDAY(E12, F12))
F13: =IFERROR(VLOOKUP(D13, Config!A:B, 2, FALSE), "") | G13: =IF(E13="", "", WORKDAY(E13, F13))
... F100: =IFERROR(VLOOKUP(D100, Config!A:B, 2, FALSE), "") | G100: =IF(E100="", "", WORKDAY(E100, F100))

Sheet Jan
A1: ID | B1: Cliente | C1: Tipo de Ação | D1: Complexidade | E1: Data Envio Doc | F1: Prazo (Dias) | G1: Prazo Fatal | H1: Status | I1: Data Protocolo | J1: Advogado Responsável
F2: =IFERROR(VLOOKUP(D2, Config!A:B, 2, FALSE), "") | G2: =IF(E2="", "", WORKDAY(E2, F2))
F3: =IFERROR(VLOOKUP(D3, Config!A:B, 2, FALSE), "") | G3: =IF(E3="", "", WORKDAY(E3, F3))
F4: =IFERROR(VLOOKUP(D4, Config!A:B, 2, FALSE), "") | G4: =IF(E4="", "", WORKDAY(E4, F4))
F5: =IFERROR(VLOOKUP(D5, Config!A:B, 2, FALSE), "") | G5: =IF(E5="", "", WORKDAY(E5, F5))
F6: =IFERROR(VLOOKUP(D6, Config!A:B, 2, FALSE), "") | G6: =IF(E6="", "", WORKDAY(E6, F6))
F7: =IFERROR(VLOOKUP(D7, Config!A:B, 2, FALSE), "") | G7: =IF(E7="", "", WORKDAY(E7, F7))
F8: =IFERROR(VLOOKUP(D8, Config!A:B, 2, FALSE), "") | G8: =IF(E8="", "", WORKDAY(E8, F8))
F9: =IFERROR(VLOOKUP(D9, Config!A:B, 2, FALSE), "") | G9: =IF(E9="", "", WORKDAY(E9, F9))
F10: =IFERROR(VLOOKUP(D10, Config!A:B, 2, FALSE), "") | G10: =IF(E10="", "", WORKDAY(E10, F10))
F11: =IFERROR(VLOOKUP(D11, Config!A:B, 2, FALSE), "") | G11: =IF(E11="", "", WORKDAY(E11, F11))
F12: =IFERROR(VLOOKUP(D12, Config!A:B, 2, FALSE), "") | G12: =IF(E12="", "", WORKDAY(E12, F12))
F13: =IFERROR(VLOOKUP(D13, Config!A:B, 2, FALSE), "") | G13: =IF(E13="", "", WORKDAY(E13, F13))
... F100: =IFERROR(VLOOKUP(D100, Config!A:B, 2, FALSE), "") | G100: =IF(E100="", "", WORKDAY(E100, F100))

Sheet Fev
A1: ID | B1: Cliente | C1: Tipo de Ação | D1: Complexidade | E1: Data Envio Doc | F1: Prazo (Dias) | G1: Prazo Fatal | H1: Status | I1: Data Protocolo | J1: Advogado Responsável
F2: =IFERROR(VLOOKUP(D2, Config!A:B, 2, FALSE), "") | G2: =IF(E2="", "", WORKDAY(E2, F2))
F3: =IFERROR(VLOOKUP(D3, Config!A:B, 2, FALSE), "") | G3: =IF(E3="", "", WORKDAY(E3, F3))
F4: =IFERROR(VLOOKUP(D4, Config!A:B, 2, FALSE), "") | G4: =IF(E4="", "", WORKDAY(E4, F4))
F5: =IFERROR(VLOOKUP(D5, Config!A:B, 2, FALSE), "") | G5: =IF(E5="", "", WORKDAY(E5, F5))
F6: =IFERROR(VLOOKUP(D6, Config!A:B, 2, FALSE), "") | G6: =IF(E6="", "", WORKDAY(E6, F6))
F7: =IFERROR(VLOOKUP(D7, Config!A:B, 2, FALSE), "") | G7: =IF(E7="", "", WORKDAY(E7, F7))
F8: =IFERROR(VLOOKUP(D8, Config!A:B, 2, FALSE), "") | G8: =IF(E8="", "", WORKDAY(E8, F8))
F9: =IFERROR(VLOOKUP(D9, Config!A:B, 2, FALSE), "") | G9: =IF(E9="", "", WORKDAY(E9, F9))
F10: =IFERROR(VLOOKUP(D10, Config!A:B, 2, FALSE), "") | G10: =IF(E10="", "", WORKDAY(E10, F10))
F11: =IFERROR(VLOOKUP(D11, Config!A:B, 2, FALSE), "") | G11: =IF(E11="", "", WORKDAY(E11, F11))
F12: =IFERROR(VLOOKUP(D12, Config!A:B, 2, FALSE), "") | G12: =IF(E12="", "", WORKDAY(E12, F12))
F13: =IFERROR(VLOOKUP(D13, Config!A:B, 2, FALSE), "") | G13: =IF(E13="", "", WORKDAY(E13, F13))
... F100: =IFERROR(VLOOKUP(D100, Config!A:B, 2, FALSE), "") | G100: =IF(E100="", "", WORKDAY(E100, F100))

Sheet Mar
A1: ID | B1: Cliente | C1: Tipo de Ação | D1: Complexidade | E1: Data Envio Doc | F1: Prazo (Dias) | G1: Prazo Fatal | H1: Status | I1: Data Protocolo | J1: Advogado Responsável
F2: =IFERROR(VLOOKUP(D2, Config!A:B, 2, FALSE), "") | G2: =IF(E2="", "", WORKDAY(E2, F2))
F3: =IFERROR(VLOOKUP(D3, Config!A:B, 2, FALSE), "") | G3: =IF(E3="", "", WORKDAY(E3, F3))
F4: =IFERROR(VLOOKUP(D4, Config!A:B, 2, FALSE), "") | G4: =IF(E4="", "", WORKDAY(E4, F4))
F5: =IFERROR(VLOOKUP(D5, Config!A:B, 2, FALSE), "") | G5: =IF(E5="", "", WORKDAY(E5, F5))
F6: =IFERROR(VLOOKUP(D6, Config!A:B, 2, FALSE), "") | G6: =IF(E6="", "", WORKDAY(E6, F6))
F7: =IFERROR(VLOOKUP(D7, Config!A:B, 2, FALSE), "") | G7: =IF(E7="", "", WORKDAY(E7, F7))
F8: =IFERROR(VLOOKUP(D8, Config!A:B, 2, FALSE), "") | G8: =IF(E8="", "", WORKDAY(E8, F8))
F9: =IFERROR(VLOOKUP(D9, Config!A:B, 2, FALSE), "") | G9: =IF(E9="", "", WORKDAY(E9, F9))
F10: =IFERROR(VLOOKUP(D10, Config!A:B, 2, FALSE), "") | G10: =IF(E10="", "", WORKDAY(E10, F10))
F11: =IFERROR(VLOOKUP(D11, Config!A:B, 2, FALSE), "") | G11: =IF(E11="", "", WORKDAY(E11, F11))
F12: =IFERROR(VLOOKUP(D12, Config!A:B, 2, FALSE), "") | G12: =IF(E12="", "", WORKDAY(E12, F12))
F13: =IFERROR(VLOOKUP(D13, Config!A:B, 2, FALSE), "") | G13: =IF(E13="", "", WORKDAY(E13, F13))
... F100: =IFERROR(VLOOKUP(D100, Config!A:B, 2, FALSE), "") | G100: =IF(E100="", "", WORKDAY(E100, F100))

Sheet Abr
A1: ID | B1: Cliente | C1: Tipo de Ação | D1: Complexidade | E1: Data Envio Doc | F1: Prazo (Dias) | G1: Prazo Fatal | H1: Status | I1: Data Protocolo | J1: Advogado Responsável
F2: =IFERROR(VLOOKUP(D2, Config!A:B, 2, FALSE), "") | G2: =IF(E2="", "", WORKDAY(E2, F2))
F3: =IFERROR(VLOOKUP(D3, Config!A:B, 2, FALSE), "") | G3: =IF(E3="", "", WORKDAY(E3, F3))
F4: =IFERROR(VLOOKUP(D4, Config!A:B, 2, FALSE), "") | G4: =IF(E4="", "", WORKDAY(E4, F4))
F5: =IFERROR(VLOOKUP(D5, Config!A:B, 2, FALSE), "") | G5: =IF(E5="", "", WORKDAY(E5, F5))
F6: =IFERROR(VLOOKUP(D6, Config!A:B, 2, FALSE), "") | G6: =IF(E6="", "", WORKDAY(E6, F6))
F7: =IFERROR(VLOOKUP(D7, Config!A:B, 2, FALSE), "") | G7: =IF(E7="", "", WORKDAY(E7, F7))
F8: =IFERROR(VLOOKUP(D8, Config!A:B, 2, FALSE), "") | G8: =IF(E8="", "", WORKDAY(E8, F8))
F9: =IFERROR(VLOOKUP(D9, Config!A:B, 2, FALSE), "") | G9: =IF(E9="", "", WORKDAY(E9, F9))
F10: =IFERROR(VLOOKUP(D10, Config!A:B, 2, FALSE), "") | G10: =IF(E10="", "", WORKDAY(E10, F10))
F11: =IFERROR(VLOOKUP(D11, Config!A:B, 2, FALSE), "") | G11: =IF(E11="", "", WORKDAY(E11, F11))
F12: =IFERROR(VLOOKUP(D12, Config!A:B, 2, FALSE), "") | G12: =IF(E12="", "", WORKDAY(E12, F12))
F13: =IFERROR(VLOOKUP(D13, Config!A:B, 2, FALSE), "") | G13: =IF(E13="", "", WORKDAY(E13, F13))
... F100: =IFERROR(VLOOKUP(D100, Config!A:B, 2, FALSE), "") | G100: =IF(E100="", "", WORKDAY(E100, F100))

Sheet Mai
A1: ID | B1: Cliente | C1: Tipo de Ação | D1: Complexidade | E1: Data Envio Doc | F1: Prazo (Dias) | G1: Prazo Fatal | H1: Status | I1: Data Protocolo | J1: Advogado Responsável
F2: =IFERROR(VLOOKUP(D2, Config!A:B, 2, FALSE), "") | G2: =IF(E2="", "", WORKDAY(E2, F2))
F3: =IFERROR(VLOOKUP(D3, Config!A:B, 2, FALSE), "") | G3: =IF(E3="", "", WORKDAY(E3, F3))
F4: =IFERROR(VLOOKUP(D4, Config!A:B, 2, FALSE), "") | G4: =IF(E4="", "", WORKDAY(E4, F4))
F5: =IFERROR(VLOOKUP(D5, Config!A:B, 2, FALSE), "") | G5: =IF(E5="", "", WORKDAY(E5, F5))
F6: =IFERROR(VLOOKUP(D6, Config!A:B, 2, FALSE), "") | G6: =IF(E6="", "", WORKDAY(E6, F6))
F7: =IFERROR(VLOOKUP(D7, Config!A:B, 2, FALSE), "") | G7: =IF(E7="", "", WORKDAY(E7, F7))
F8: =IFERROR(VLOOKUP(D8, Config!A:B, 2, FALSE), "") | G8: =IF(E8="", "", WORKDAY(E8, F8))
F9: =IFERROR(VLOOKUP(D9, Config!A:B, 2, FALSE), "") | G9: =IF(E9="", "", WORKDAY(E9, F9))
F10: =IFERROR(VLOOKUP(D10, Config!A:B, 2, FALSE), "") | G10: =IF(E10="", "", WORKDAY(E10, F10))
F11: =IFERROR(VLOOKUP(D11, Config!A:B, 2, FALSE), "") | G11: =IF(E11="", "", WORKDAY(E11, F11))
F12: =IFERROR(VLOOKUP(D12, Config!A:B, 2, FALSE), "") | G12: =IF(E12="", "", WORKDAY(E12, F12))
F13: =IFERROR(VLOOKUP(D13, Config!A:B, 2, FALSE), "") | G13: =IF(E13="", "", WORKDAY(E13, F13))
... F100: =IFERROR(VLOOKUP(D100, Config!A:B, 2, FALSE), "") | G100: =IF(E100="", "", WORKDAY(E100, F100))

Sheet Jun
A1: ID | B1: Cliente | C1: Tipo de Ação | D1: Complexidade | E1: Data Envio Doc | F1: Prazo (Dias) | G1: Prazo Fatal | H1: Status | I1: Data Protocolo | J1: Advogado Responsável
F2: =IFERROR(VLOOKUP(D2, Config!A:B, 2, FALSE), "") | G2: =IF(E2="", "", WORKDAY(E2, F2))
F3: =IFERROR(VLOOKUP(D3, Config!A:B, 2, FALSE), "") | G3: =IF(E3="", "", WORKDAY(E3, F3))
F4: =IFERROR(VLOOKUP(D4, Config!A:B, 2, FALSE), "") | G4: =IF(E4="", "", WORKDAY(E4, F4))
F5: =IFERROR(VLOOKUP(D5, Config!A:B, 2, FALSE), "") | G5: =IF(E5="", "", WORKDAY(E5, F5))
F6: =IFERROR(VLOOKUP(D6, Config!A:B, 2, FALSE), "") | G6: =IF(E6="", "", WORKDAY(E6, F6))
F7: =IFERROR(VLOOKUP(D7, Config!A:B, 2, FALSE), "") | G7: =IF(E7="", "", WORKDAY(E7, F7))
F8: =IFERROR(VLOOKUP(D8, Config!A:B, 2, FALSE), "") | G8: =IF(E8="", "", WORKDAY(E8, F8))
F9: =IFERROR(VLOOKUP(D9, Config!A:B, 2, FALSE), "") | G9: =IF(E9="", "", WORKDAY(E9, F9))
F10: =IFERROR(VLOOKUP(D10, Config!A:B, 2, FALSE), "") | G10: =IF(E10="", "", WORKDAY(E10, F10))
F11: =IFERROR(VLOOKUP(D11, Config!A:B, 2, FALSE), "") | G11: =IF(E11="", "", WORKDAY(E11, F11))
F12: =IFERROR(VLOOKUP(D12, Config!A:B, 2, FALSE), "") | G12: =IF(E12="", "", WORKDAY(E12, F12))
F13: =IFERROR(VLOOKUP(D13, Config!A:B, 2, FALSE), "") | G13: =IF(E13="", "", WORKDAY(E13, F13))
... F100: =IFERROR(VLOOKUP(D100, Config!A:B, 2, FALSE), "") | G100: =IF(E100="", "", WORKDAY(E100, F100))

Sheet Jul
A1: ID | B1: Cliente | C1: Tipo de Ação | D1: Complexidade | E1: Data Envio Doc | F1: Prazo (Dias) | G1: Prazo Fatal | H1: Status | I1: Data Protocolo | J1: Advogado Responsável
F2: =IFERROR(VLOOKUP(D2, Config!A:B, 2, FALSE), "") | G2: =IF(E2="", "", WORKDAY(E2, F2))
F3: =IFERROR(VLOOKUP(D3, Config!A:B, 2, FALSE), "") | G3: =IF(E3="", "", WORKDAY(E3, F3))
F4: =IFERROR(VLOOKUP(D4, Config!A:B, 2, FALSE), "") | G4: =IF(E4="", "", WORKDAY(E4, F4))
F5: =IFERROR(VLOOKUP(D5, Config!A:B, 2, FALSE), "") | G5: =IF(E5="", "", WORKDAY(E5, F5))
F6: =IFERROR(VLOOKUP(D6, Config!A:B, 2, FALSE), "") | G6: =IF(E6="", "", WORKDAY(E6, F6))
F7: =IFERROR(VLOOKUP(D7, Config!A:B, 2, FALSE), "") | G7: =IF(E7="", "", WORKDAY(E7, F7))
F8: =IFERROR(VLOOKUP(D8, Config!A:B, 2, FALSE), "") | G8: =IF(E8="", "", WORKDAY(E8, F8))
F9: =IFERROR(VLOOKUP(D9, Config!A:B, 2, FALSE), "") | G9: =IF(E9="", "", WORKDAY(E9, F9))
F10: =IFERROR(VLOOKUP(D10, Config!A:B, 2, FALSE), "") | G10: =IF(E10="", "", WORKDAY(E10, F10))
F11: =IFERROR(VLOOKUP(D11, Config!A:B, 2, FALSE), "") | G11: =IF(E11="", "", WORKDAY(E11, F11))
F12: =IFERROR(VLOOKUP(D12, Config!A:B, 2, FALSE), "") | G12: =IF(E12="", "", WORKDAY(E12, F12))
F13: =IFERROR(VLOOKUP(D13, Config!A:B, 2, FALSE), "") | G13: =IF(E13="", "", WORKDAY(E13, F13))
... F100: =IFERROR(VLOOKUP(D100, Config!A:B, 2, FALSE), "") | G100: =IF(E100="", "", WORKDAY(E100, F100))

Sheet Ago
A1: ID | B1: Cliente | C1: Tipo de Ação | D1: Complexidade | E1: Data Envio Doc | F1: Prazo (Dias) | G1: Prazo Fatal | H1: Status | I1: Data Protocolo | J1: Advogado Responsável
F2: =IFERROR(VLOOKUP(D2, Config!A:B, 2, FALSE), "") | G2: =IF(E2="", "", WORKDAY(E2, F2))
F3: =IFERROR(VLOOKUP(D3, Config!A:B, 2, FALSE), "") | G3: =IF(E3="", "", WORKDAY(E3, F3))
F4: =IFERROR(VLOOKUP(D4, Config!A:B, 2, FALSE), "") | G4: =IF(E4="", "", WORKDAY(E4, F4))
F5: =IFERROR(VLOOKUP(D5, Config!A:B, 2, FALSE), "") | G5: =IF(E5="", "", WORKDAY(E5, F5))
F6: =IFERROR(VLOOKUP(D6, Config!A:B, 2, FALSE), "") | G6: =IF(E6="", "", WORKDAY(E6, F6))
F7: =IFERROR(VLOOKUP(D7, Config!A:B, 2, FALSE), "") | G7: =IF(E7="", "", WORKDAY(E7, F7))
F8: =IFERROR(VLOOKUP(D8, Config!A:B, 2, FALSE), "") | G8: =IF(E8="", "", WORKDAY(E8, F8))
F9: =IFERROR(VLOOKUP(D9, Config!A:B, 2, FALSE), "") | G9: =IF(E9="", "", WORKDAY(E9, F9))
F10: =IFERROR(VLOOKUP(D10, Config!A:B, 2, FALSE), "") | G10: =IF(E10="", "", WORKDAY(E10, F10))
F11: =IFERROR(VLOOKUP(D11, Config!A:B, 2, FALSE), "") | G11: =IF(E11="", "", WORKDAY(E11, F11))
F12: =IFERROR(VLOOKUP(D12, Config!A:B, 2, FALSE), "") | G12: =IF(E12="", "", WORKDAY(E12, F12))
F13: =IFERROR(VLOOKUP(D13, Config!A:B, 2, FALSE), "") | G13: =IF(E13="", "", WORKDAY(E13, F13))
... F100: =IFERROR(VLOOKUP(D100, Config!A:B, 2, FALSE), "") | G100: =IF(E100="", "", WORKDAY(E100, F100))

Sheet Set
A1: ID | B1: Cliente | C1: Tipo de Ação | D1: Complexidade | E1: Data Envio Doc | F1: Prazo (Dias) | G1: Prazo Fatal | H1: Status | I1: Data Protocolo | J1: Advogado Responsável
F2: =IFERROR(VLOOKUP(D2, Config!A:B, 2, FALSE), "") | G2: =IF(E2="", "", WORKDAY(E2, F2))
F3: =IFERROR(VLOOKUP(D3, Config!A:B, 2, FALSE), "") | G3: =IF(E3="", "", WORKDAY(E3, F3))
F4: =IFERROR(VLOOKUP(D4, Config!A:B, 2, FALSE), "") | G4: =IF(E4="", "", WORKDAY(E4, F4))
F5: =IFERROR(VLOOKUP(D5, Config!A:B, 2, FALSE), "") | G5: =IF(E5="", "", WORKDAY(E5, F5))
F6: =IFERROR(VLOOKUP(D6, Config!A:B, 2, FALSE), "") | G6: =IF(E6="", "", WORKDAY(E6, F6))
F7: =IFERROR(VLOOKUP(D7, Config!A:B, 2, FALSE), "") | G7: =IF(E7="", "", WORKDAY(E7, F7))
F8: =IFERROR(VLOOKUP(D8, Config!A:B, 2, FALSE), "") | G8: =IF(E8="", "", WORKDAY(E8, F8))
F9: =IFERROR(VLOOKUP(D9, Config!A:B, 2, FALSE), "") | G9: =IF(E9="", "", WORKDAY(E9, F9))
F10: =IFERROR(VLOOKUP(D10, Config!A:B, 2, FALSE), "") | G10: =IF(E10="", "", WORKDAY(E10, F10))
F11: =IFERROR(VLOOKUP(D11, Config!A:B, 2, FALSE), "") | G11: =IF(E11="", "", WORKDAY(E11, F11))
F12: =IFERROR(VLOOKUP(D12, Config!A:B, 2, FALSE), "") | G12: =IF(E12="", "", WORKDAY(E12, F12))
F13: =IFERROR(VLOOKUP(D13, Config!A:B, 2, FALSE), "") | G13: =IF(E13="", "", WORKDAY(E13, F13))
... F100: =IFERROR(VLOOKUP(D100, Config!A:B, 2, FALSE), "") | G100: =IF(E100="", "", WORKDAY(E100, F100))

Sheet Out
A1: ID | B1: Cliente | C1: Tipo de Ação | D1: Complexidade | E1: Data Envio Doc | F1: Prazo (Dias) | G1: Prazo Fatal | H1: Status | I1: Data Protocolo | J1: Advogado Responsável
F2: =IFERROR(VLOOKUP(D2, Config!A:B, 2, FALSE), "") | G2: =IF(E2="", "", WORKDAY(E2, F2))
F3: =IFERROR(VLOOKUP(D3, Config!A:B, 2, FALSE), "") | G3: =IF(E3="", "", WORKDAY(E3, F3))
F4: =IFERROR(VLOOKUP(D4, Config!A:B, 2, FALSE), "") | G4: =IF(E4="", "", WORKDAY(E4, F4))
F5: =IFERROR(VLOOKUP(D5, Config!A:B, 2, FALSE), "") | G5: =IF(E5="", "", WORKDAY(E5, F5))
F6: =IFERROR(VLOOKUP(D6, Config!A:B, 2, FALSE), "") | G6: =IF(E6="", "", WORKDAY(E6, F6))
F7: =IFERROR(VLOOKUP(D7, Config!A:B, 2, FALSE), "") | G7: =IF(E7="", "", WORKDAY(E7, F7))
F8: =IFERROR(VLOOKUP(D8, Config!A:B, 2, FALSE), "") | G8: =IF(E8="", "", WORKDAY(E8, F8))
F9: =IFERROR(VLOOKUP(D9, Config!A:B, 2, FALSE), "") | G9: =IF(E9="", "", WORKDAY(E9, F9))
F10: =IFERROR(VLOOKUP(D10, Config!A:B, 2, FALSE), "") | G10: =IF(E10="", "", WORKDAY(E10, F10))
F11: =IFERROR(VLOOKUP(D11, Config!A:B, 2, FALSE), "") | G11: =IF(E11="", "", WORKDAY(E11, F11))
F12: =IFERROR(VLOOKUP(D12, Config!A:B, 2, FALSE), "") | G12: =IF(E12="", "", WORKDAY(E12, F12))
F13: =IFERROR(VLOOKUP(D13, Config!A:B, 2, FALSE), "") | G13: =IF(E13="", "", WORKDAY(E13, F13))
... F100: =IFERROR(VLOOKUP(D100, Config!A:B, 2, FALSE), "") | G100: =IF(E100="", "", WORKDAY(E100, F100))

Sheet Nov
A1: ID | B1: Cliente | C1: Tipo de Ação | D1: Complexidade | E1: Data Envio Doc | F1: Prazo (Dias) | G1: Prazo Fatal | H1: Status | I1: Data Protocolo | J1: Advogado Responsável
F2: =IFERROR(VLOOKUP(D2, Config!A:B, 2, FALSE), "") | G2: =IF(E2="", "", WORKDAY(E2, F2))
F3: =IFERROR(VLOOKUP(D3, Config!A:B, 2, FALSE), "") | G3: =IF(E3="", "", WORKDAY(E3, F3))
F4: =IFERROR(VLOOKUP(D4, Config!A:B, 2, FALSE), "") | G4: =IF(E4="", "", WORKDAY(E4, F4))
F5: =IFERROR(VLOOKUP(D5, Config!A:B, 2, FALSE), "") | G5: =IF(E5="", "", WORKDAY(E5, F5))
F6: =IFERROR(VLOOKUP(D6, Config!A:B, 2, FALSE), "") | G6: =IF(E6="", "", WORKDAY(E6, F6))
F7: =IFERROR(VLOOKUP(D7, Config!A:B, 2, FALSE), "") | G7: =IF(E7="", "", WORKDAY(E7, F7))
F8: =IFERROR(VLOOKUP(D8, Config!A:B, 2, FALSE), "") | G8: =IF(E8="", "", WORKDAY(E8, F8))
F9: =IFERROR(VLOOKUP(D9, Config!A:B, 2, FALSE), "") | G9: =IF(E9="", "", WORKDAY(E9, F9))
F10: =IFERROR(VLOOKUP(D10, Config!A:B, 2, FALSE), "") | G10: =IF(E10="", "", WORKDAY(E10, F10))
F11: =IFERROR(VLOOKUP(D11, Config!A:B, 2, FALSE), "") | G11: =IF(E11="", "", WORKDAY(E11, F11))
F12: =IFERROR(VLOOKUP(D12, Config!A:B, 2, FALSE), "") | G12: =IF(E12="", "", WORKDAY(E12, F12))
F13: =IFERROR(VLOOKUP(D13, Config!A:B, 2, FALSE), "") | G13: =IF(E13="", "", WORKDAY(E13, F13))
... F100: =IFERROR(VLOOKUP(D100, Config!A:B, 2, FALSE), "") | G100: =IF(E100="", "", WORKDAY(E100, F100))

Sheet Dez
A1: ID | B1: Cliente | C1: Tipo de Ação | D1: Complexidade | E1: Data Envio Doc | F1: Prazo (Dias) | G1: Prazo Fatal | H1: Status | I1: Data Protocolo | J1: Advogado Responsável
F2: =IFERROR(VLOOKUP(D2, Config!A:B, 2, FALSE), "") | G2: =IF(E2="", "", WORKDAY(E2, F2))
F3: =IFERROR(VLOOKUP(D3, Config!A:B, 2, FALSE), "") | G3: =IF(E3="", "", WORKDAY(E3, F3))
F4: =IFERROR(VLOOKUP(D4, Config!A:B, 2, FALSE), "") | G4: =IF(E4="", "", WORKDAY(E4, F4))
F5: =IFERROR(VLOOKUP(D5, Config!A:B, 2, FALSE), "") | G5: =IF(E5="", "", WORKDAY(E5, F5))
F6: =IFERROR(VLOOKUP(D6, Config!A:B, 2, FALSE), "") | G6: =IF(E6="", "", WORKDAY(E6, F6))
F7: =IFERROR(VLOOKUP(D7, Config!A:B, 2, FALSE), "") | G7: =IF(E7="", "", WORKDAY(E7, F7))
F8: =IFERROR(VLOOKUP(D8, Config!A:B, 2, FALSE), "") | G8: =IF(E8="", "", WORKDAY(E8, F8))
F9: =IFERROR(VLOOKUP(D9, Config!A:B, 2, FALSE), "") | G9: =IF(E9="", "", WORKDAY(E9, F9))
F10: =IFERROR(VLOOKUP(D10, Config!A:B, 2, FALSE), "") | G10: =IF(E10="", "", WORKDAY(E10, F10))
F11: =IFERROR(VLOOKUP(D11, Config!A:B, 2, FALSE), "") | G11: =IF(E11="", "", WORKDAY(E11, F11))
F12: =IFERROR(VLOOKUP(D12, Config!A:B, 2, FALSE), "") | G12: =IF(E12="", "", WORKDAY(E12, F12))
F13: =IFERROR(VLOOKUP(D13, Config!A:B, 2, FALSE), "") | G13: =IF(E13="", "", WORKDAY(E13, F13))
... F100: =IFERROR(VLOOKUP(D100, Config!A:B, 2, FALSE), "") | G100: =IF(E100="", "", WORKDAY(E100, F100))
